username,month,subreddit,count
TaylorH93,2015-05,Conservation,1
iowajaycee,2013-10,Conservation,2
iowajaycee,2013-11,Conservation,2
iowajaycee,2013-12,Conservation,5
iowajaycee,2014-01,Conservation,1
iowajaycee,2014-02,Conservation,5
iowajaycee,2014-03,Conservation,2
iowajaycee,2014-04,Conservation,4
iowajaycee,2014-05,Conservation,1
iowajaycee,2014-06,Conservation,1
iowajaycee,2014-07,Conservation,3
iowajaycee,2014-08,Conservation,1
iowajaycee,2014-09,Conservation,1
iowajaycee,2014-10,Conservation,3
iowajaycee,2014-11,Conservation,4
iowajaycee,2015-01,Conservation,1
iowajaycee,2015-02,Conservation,7
iowajaycee,2015-03,Conservation,1
iowajaycee,2015-04,Conservation,2
iowajaycee,2015-05,Conservation,1
iowajaycee,2015-06,Conservation,1
iowajaycee,2015-07,Conservation,2
iowajaycee,2015-08,Conservation,4
iowajaycee,2015-09,Conservation,2
iowajaycee,2015-11,Conservation,2
iowajaycee,2015-12,Conservation,4
iowajaycee,2016-01,Conservation,1
iowajaycee,2016-02,Conservation,1
iowajaycee,2016-05,Conservation,1
iowajaycee,2016-07,Conservation,1
iowajaycee,2016-09,Conservation,1
iowajaycee,2016-10,Conservation,2
iowajaycee,2017-02,Conservation,2
iowajaycee,2017-04,Conservation,1
iowajaycee,2018-05,Conservation,1
Johno413,2016-08,EnergyStorage,1
Johno413,2016-09,EnergyStorage,2
Johno413,2016-11,EnergyStorage,1
Johno413,2017-01,EnergyStorage,1
Johno413,2017-03,EnergyStorage,2
Johno413,2017-06,EnergyStorage,1
Johno413,2017-07,EnergyStorage,1
Johno413,2017-08,EnergyStorage,1
Johno413,2017-10,EnergyStorage,1
Johno413,2017-11,EnergyStorage,1
Johno413,2018-01,EnergyStorage,1
Johno413,2018-03,EnergyStorage,2
Johno413,2018-08,EnergyStorage,1
ceramicfiver,2012-11,Green,1
ceramicfiver,2013-02,Green,1
ceramicfiver,2013-10,Green,1
dmguion,2016-07,Green,2
dmguion,2016-08,Green,1
dmguion,2017-01,Green,1
dmguion,2017-06,Green,1
dmguion,2017-07,Green,1
dmguion,2017-08,Green,1
inquilinekea,2011-02,Green,1
inquilinekea,2012-06,Green,1
leftofmarx,2011-03,Green,1
leftofmarx,2013-01,Green,1
leftofmarx,2013-03,Green,1
Johno413,2016-10,RenewableEnergy,2
Johno413,2017-01,RenewableEnergy,2
Johno413,2017-02,RenewableEnergy,3
Johno413,2017-03,RenewableEnergy,1
Johno413,2017-04,RenewableEnergy,3
Johno413,2017-05,RenewableEnergy,1
Johno413,2017-06,RenewableEnergy,2
Johno413,2017-07,RenewableEnergy,3
Johno413,2018-06,RenewableEnergy,2
Johno413,2018-07,RenewableEnergy,4
Johno413,2018-08,RenewableEnergy,11
Johno413,2018-09,RenewableEnergy,2
Johno413,2018-10,RenewableEnergy,4
communityDOTsolar,2016-06,RenewableEnergy,1
communityDOTsolar,2017-03,RenewableEnergy,1
communityDOTsolar,2017-04,RenewableEnergy,1
communityDOTsolar,2017-06,RenewableEnergy,1
communityDOTsolar,2017-08,RenewableEnergy,1
communityDOTsolar,2017-09,RenewableEnergy,1
dmguion,2016-07,RenewableEnergy,1
dmguion,2016-08,RenewableEnergy,1
dmguion,2016-09,RenewableEnergy,4
dmguion,2017-01,RenewableEnergy,3
dmguion,2017-05,RenewableEnergy,2
dmguion,2017-06,RenewableEnergy,1
dmguion,2017-07,RenewableEnergy,1
dmguion,2017-09,RenewableEnergy,1
groovesmerchant,2016-11,RenewableEnergy,1
polfilmblog,2013-04,RenewableEnergy,1
NoMoreNicksLeft,2009-07,SelfSufficiency,7
NoMoreNicksLeft,2009-08,SelfSufficiency,9
NoMoreNicksLeft,2009-09,SelfSufficiency,4
NoMoreNicksLeft,2009-10,SelfSufficiency,2
NoMoreNicksLeft,2009-11,SelfSufficiency,4
NoMoreNicksLeft,2009-12,SelfSufficiency,1
NoMoreNicksLeft,2010-01,SelfSufficiency,2
NoMoreNicksLeft,2010-03,SelfSufficiency,1
NoMoreNicksLeft,2010-04,SelfSufficiency,3
NoMoreNicksLeft,2010-05,SelfSufficiency,1
NoMoreNicksLeft,2010-09,SelfSufficiency,2
NoMoreNicksLeft,2010-10,SelfSufficiency,10
NoMoreNicksLeft,2010-11,SelfSufficiency,4
NoMoreNicksLeft,2010-12,SelfSufficiency,3
NoMoreNicksLeft,2011-07,SelfSufficiency,1
NoMoreNicksLeft,2011-10,SelfSufficiency,1
NoMoreNicksLeft,2012-03,SelfSufficiency,1
Johno413,2016-01,Solar,3
Johno413,2016-08,Solar,4
Johno413,2016-09,Solar,9
Johno413,2016-10,Solar,9
Johno413,2016-11,Solar,12
Johno413,2016-12,Solar,11
Johno413,2017-01,Solar,13
Johno413,2017-02,Solar,26
Johno413,2017-03,Solar,15
Johno413,2017-04,Solar,12
Johno413,2017-05,Solar,16
Johno413,2017-06,Solar,18
Johno413,2017-07,Solar,13
Johno413,2017-08,Solar,15
Johno413,2017-09,Solar,2
Johno413,2017-10,Solar,1
Johno413,2017-12,Solar,2
Johno413,2018-01,Solar,8
Johno413,2018-02,Solar,2
Johno413,2018-03,Solar,7
Johno413,2018-04,Solar,10
Johno413,2018-05,Solar,18
Johno413,2018-06,Solar,21
Johno413,2018-07,Solar,22
Johno413,2018-08,Solar,24
Johno413,2018-09,Solar,14
Johno413,2018-10,Solar,11
Johno413,2018-11,Solar,2
Johno413,2018-12,Solar,1
NoMoreNicksLeft,2012-12,Solar,1
communityDOTsolar,2015-08,Solar,5
communityDOTsolar,2015-09,Solar,3
communityDOTsolar,2015-10,Solar,5
communityDOTsolar,2015-11,Solar,1
communityDOTsolar,2015-12,Solar,2
communityDOTsolar,2016-01,Solar,5
communityDOTsolar,2016-02,Solar,4
communityDOTsolar,2016-03,Solar,7
communityDOTsolar,2016-04,Solar,5
communityDOTsolar,2016-05,Solar,6
communityDOTsolar,2016-06,Solar,4
communityDOTsolar,2016-07,Solar,10
communityDOTsolar,2016-08,Solar,12
communityDOTsolar,2016-09,Solar,6
communityDOTsolar,2016-10,Solar,4
communityDOTsolar,2016-11,Solar,3
communityDOTsolar,2016-12,Solar,8
communityDOTsolar,2017-01,Solar,13
communityDOTsolar,2017-02,Solar,7
communityDOTsolar,2017-03,Solar,15
communityDOTsolar,2017-04,Solar,16
communityDOTsolar,2017-05,Solar,14
communityDOTsolar,2017-06,Solar,13
communityDOTsolar,2017-07,Solar,6
communityDOTsolar,2017-08,Solar,5
communityDOTsolar,2017-09,Solar,8
communityDOTsolar,2017-10,Solar,4
communityDOTsolar,2017-11,Solar,3
dmguion,2017-01,Solar,2
dmguion,2017-05,Solar,1
dmguion,2017-08,Solar,1
dmguion,2010-10,Sustainability,1
dmguion,2011-01,Sustainability,1
dmguion,2011-04,Sustainability,1
dmguion,2011-06,Sustainability,2
dmguion,2016-07,Sustainability,2
dmguion,2016-11,Sustainability,1
dmguion,2017-01,Sustainability,1
ceramicfiver,2013-07,climate,1
ceramicfiver,2013-08,climate,1
ceramicfiver,2013-09,climate,1
ceramicfiver,2013-10,climate,1
ceramicfiver,2014-03,climate,2
ceramicfiver,2014-04,climate,1
ceramicfiver,2014-07,climate,1
ceramicfiver,2015-08,climate,2
ceramicfiver,2015-09,climate,1
ceramicfiver,2017-10,climate,1
georedd,2009-12,climate,1
georedd,2011-11,climate,1
inquilinekea,2011-11,climate,2
inquilinekea,2012-10,climate,2
inquilinekea,2012-11,climate,1
inquilinekea,2013-01,climate,2
inquilinekea,2013-03,climate,2
inquilinekea,2016-06,climate,1
philthechemist,2018-08,climate,1
pkrhed,2016-03,climate,1
pkrhed,2016-04,climate,4
TaylorH93,2016-07,ecology,1
TaylorH93,2016-08,ecology,1
TaylorH93,2016-10,ecology,1
TaylorH93,2016-11,ecology,1
TaylorH93,2016-12,ecology,1
TaylorH93,2017-02,ecology,1
TaylorH93,2017-05,ecology,1
TaylorH93,2017-06,ecology,1
TaylorH93,2017-10,ecology,1
TaylorH93,2018-01,ecology,1
TaylorH93,2018-03,ecology,1
TaylorH93,2018-04,ecology,1
inquilinekea,2016-06,ecology,1
iowajaycee,2013-10,ecology,2
iowajaycee,2013-12,ecology,2
iowajaycee,2014-01,ecology,1
iowajaycee,2014-04,ecology,1
iowajaycee,2015-02,ecology,2
iowajaycee,2017-06,ecology,1
iowajaycee,2018-04,ecology,1
iowajaycee,2018-09,ecology,1
iowajaycee,2018-10,ecology,1
Johno413,2016-10,energy,3
Johno413,2016-11,energy,1
NoMoreNicksLeft,2009-03,energy,1
NoMoreNicksLeft,2009-08,energy,1
NoMoreNicksLeft,2009-09,energy,1
NoMoreNicksLeft,2011-01,energy,1
NoMoreNicksLeft,2012-12,energy,1
calmblueocean,2009-11,energy,1
dmguion,2011-09,energy,1
dmguion,2016-06,energy,2
dmguion,2016-07,energy,1
dmguion,2016-08,energy,1
dmguion,2016-09,energy,1
dmguion,2016-11,energy,1
georedd,2008-09,energy,1
georedd,2008-10,energy,1
georedd,2011-02,energy,1
georedd,2011-03,energy,5
georedd,2011-04,energy,16
georedd,2011-05,energy,3
georedd,2011-06,energy,8
georedd,2011-07,energy,1
georedd,2011-08,energy,1
georedd,2011-09,energy,3
georedd,2011-11,energy,1
georedd,2011-12,energy,2
georedd,2012-01,energy,3
georedd,2012-02,energy,5
georedd,2012-03,energy,3
georedd,2012-04,energy,2
georedd,2012-05,energy,1
georedd,2012-06,energy,3
gordonmcdowell,2010-07,energy,1
gordonmcdowell,2011-03,energy,1
gordonmcdowell,2011-05,energy,2
gordonmcdowell,2011-07,energy,2
gordonmcdowell,2011-10,energy,2
gordonmcdowell,2011-12,energy,2
gordonmcdowell,2012-02,energy,1
gordonmcdowell,2012-03,energy,1
gordonmcdowell,2012-05,energy,1
gordonmcdowell,2012-07,energy,1
gordonmcdowell,2012-08,energy,1
gordonmcdowell,2012-10,energy,1
gordonmcdowell,2012-11,energy,1
gordonmcdowell,2012-12,energy,1
gordonmcdowell,2013-01,energy,1
gordonmcdowell,2013-04,energy,2
gordonmcdowell,2013-07,energy,1
gordonmcdowell,2013-11,energy,3
gordonmcdowell,2014-02,energy,2
gordonmcdowell,2014-04,energy,2
gordonmcdowell,2014-06,energy,2
gordonmcdowell,2014-09,energy,1
gordonmcdowell,2014-11,energy,1
gordonmcdowell,2015-02,energy,1
gordonmcdowell,2015-03,energy,1
gordonmcdowell,2015-04,energy,2
gordonmcdowell,2015-06,energy,1
gordonmcdowell,2015-07,energy,2
gordonmcdowell,2015-08,energy,2
gordonmcdowell,2015-11,energy,1
gordonmcdowell,2015-12,energy,1
gordonmcdowell,2016-04,energy,1
gordonmcdowell,2016-06,energy,2
gordonmcdowell,2016-07,energy,1
gordonmcdowell,2016-09,energy,1
gordonmcdowell,2017-01,energy,4
gordonmcdowell,2017-03,energy,2
gordonmcdowell,2017-05,energy,1
gordonmcdowell,2017-07,energy,1
gordonmcdowell,2017-08,energy,1
gordonmcdowell,2017-10,energy,2
gordonmcdowell,2017-11,energy,1
gordonmcdowell,2017-12,energy,1
gordonmcdowell,2018-01,energy,1
gordonmcdowell,2018-03,energy,2
gordonmcdowell,2018-04,energy,1
gordonmcdowell,2018-06,energy,1
gordonmcdowell,2018-07,energy,4
gordonmcdowell,2018-08,energy,1
gordonmcdowell,2018-09,energy,1
gordonmcdowell,2018-10,energy,4
gordonmcdowell,2019-01,energy,2
shoptxelectricity,2010-06,energy,1
shoptxelectricity,2010-07,energy,5
shoptxelectricity,2010-08,energy,4
shoptxelectricity,2010-09,energy,4
shoptxelectricity,2010-10,energy,4
shoptxelectricity,2010-11,energy,4
shoptxelectricity,2010-12,energy,4
shoptxelectricity,2011-02,energy,4
shoptxelectricity,2011-03,energy,4
shoptxelectricity,2011-04,energy,3
shoptxelectricity,2011-05,energy,2
shoptxelectricity,2011-09,energy,1
shoptxelectricity,2011-10,energy,1
shoptxelectricity,2011-12,energy,1
shoptxelectricity,2012-01,energy,2
ceramicfiver,2014-04,enviroaction,1
ceramicfiver,2014-06,enviroaction,2
ceramicfiver,2014-07,enviroaction,2
BelovedLady,2018-07,environment,9
BelovedLady,2018-08,environment,5
EarthsFinePrint,2015-09,environment,1
EarthsFinePrint,2015-10,environment,1
EarthsFinePrint,2016-12,environment,1
EarthsFinePrint,2017-10,environment,1
EarthsFinePrint,2017-11,environment,1
EarthsFinePrint,2018-06,environment,1
HeinzWeverink,2018-04,environment,1
MayKingKar,2016-07,environment,3
MayKingKar,2016-08,environment,2
MayKingKar,2016-09,environment,2
NoMoreNicksLeft,2008-06,environment,1
NoMoreNicksLeft,2008-07,environment,2
NoMoreNicksLeft,2008-08,environment,2
NoMoreNicksLeft,2008-09,environment,1
NoMoreNicksLeft,2008-12,environment,1
NoMoreNicksLeft,2009-03,environment,1
NoMoreNicksLeft,2009-06,environment,1
NoMoreNicksLeft,2009-10,environment,1
NoMoreNicksLeft,2009-11,environment,1
NoMoreNicksLeft,2010-10,environment,1
Tehlinky4,2017-05,environment,1
TheSynicalMispeller,2013-07,environment,3
TheSynicalMispeller,2013-08,environment,1
calmblueocean,2009-10,environment,4
calmblueocean,2009-11,environment,2
calmblueocean,2010-01,environment,1
calmblueocean,2010-11,environment,1
carl0071,2016-10,environment,1
ceramicfiver,2012-11,environment,2
ceramicfiver,2013-02,environment,1
ceramicfiver,2013-08,environment,2
ceramicfiver,2013-10,environment,4
ceramicfiver,2013-11,environment,1
ceramicfiver,2014-03,environment,3
ceramicfiver,2014-04,environment,6
ceramicfiver,2014-05,environment,4
ceramicfiver,2014-06,environment,3
ceramicfiver,2014-07,environment,1
ceramicfiver,2014-09,environment,1
ceramicfiver,2015-05,environment,1
ceramicfiver,2015-09,environment,1
chinochicoman,2018-08,environment,6
dmguion,2011-01,environment,1
dmguion,2014-10,environment,1
dmguion,2016-06,environment,1
dmguion,2016-07,environment,4
dmguion,2016-10,environment,1
dmguion,2016-11,environment,1
dmguion,2017-01,environment,1
dmguion,2017-09,environment,1
eastslm,2018-05,environment,7
eastslm,2018-06,environment,12
geekygeorgina,2018-07,environment,1
geekygeorgina,2018-08,environment,7
geekygeorgina,2018-09,environment,1
georedd,2008-10,environment,1
georedd,2009-12,environment,2
georedd,2010-05,environment,1
georedd,2010-08,environment,1
georedd,2010-09,environment,2
georedd,2010-11,environment,3
georedd,2010-12,environment,2
georedd,2011-01,environment,2
georedd,2011-02,environment,3
georedd,2011-03,environment,22
georedd,2011-04,environment,35
georedd,2011-05,environment,2
georedd,2011-06,environment,8
georedd,2011-07,environment,2
georedd,2011-08,environment,2
georedd,2011-09,environment,15
georedd,2011-10,environment,4
georedd,2011-11,environment,3
georedd,2011-12,environment,2
georedd,2012-01,environment,3
georedd,2012-02,environment,1
georedd,2012-03,environment,2
georedd,2012-04,environment,4
georedd,2012-06,environment,2
gordonmcdowell,2009-11,environment,1
gordonmcdowell,2009-12,environment,1
gordonmcdowell,2010-01,environment,1
gordonmcdowell,2010-05,environment,1
gordonmcdowell,2010-06,environment,3
gordonmcdowell,2011-08,environment,1
gordonmcdowell,2012-09,environment,1
gordonmcdowell,2013-11,environment,2
gordonmcdowell,2014-04,environment,1
gordonmcdowell,2014-06,environment,1
groovesmerchant,2016-12,environment,1
groovesmerchant,2017-03,environment,1
inquilinekea,2011-07,environment,1
inquilinekea,2011-08,environment,1
iowajaycee,2015-11,environment,1
iowajaycee,2015-12,environment,1
leftofmarx,2010-01,environment,3
leftofmarx,2010-02,environment,6
leftofmarx,2010-03,environment,3
leftofmarx,2010-04,environment,1
leftofmarx,2010-05,environment,1
leftofmarx,2010-06,environment,1
leftofmarx,2010-07,environment,2
leftofmarx,2010-08,environment,3
leftofmarx,2010-09,environment,5
leftofmarx,2010-10,environment,2
leftofmarx,2010-11,environment,1
leftofmarx,2010-12,environment,5
leftofmarx,2011-01,environment,2
leftofmarx,2011-02,environment,3
leftofmarx,2011-03,environment,8
leftofmarx,2011-04,environment,2
leftofmarx,2011-05,environment,3
leftofmarx,2011-06,environment,2
leftofmarx,2011-08,environment,1
leftofmarx,2011-09,environment,3
leftofmarx,2012-06,environment,1
leftofmarx,2012-07,environment,1
leftofmarx,2012-08,environment,2
leftofmarx,2012-09,environment,4
leftofmarx,2012-10,environment,2
leftofmarx,2012-12,environment,1
leftofmarx,2013-01,environment,1
leftofmarx,2013-02,environment,2
leftofmarx,2013-03,environment,2
leftofmarx,2013-04,environment,3
leftofmarx,2013-05,environment,2
leftofmarx,2013-06,environment,1
leftofmarx,2013-10,environment,4
leftofmarx,2013-11,environment,2
leftofmarx,2013-12,environment,1
leftofmarx,2014-09,environment,2
leftofmarx,2014-10,environment,3
leftofmarx,2014-11,environment,1
leftofmarx,2017-01,environment,1
obvom,2016-12,environment,1
obvom,2017-04,environment,1
pkrhed,2016-03,environment,2
pkrhed,2016-04,environment,1
shoptxelectricity,2011-01,environment,3
shoptxelectricity,2011-03,environment,1
shoptxelectricity,2011-06,environment,4
shoptxelectricity,2011-07,environment,3
shoptxelectricity,2011-08,environment,5
shoptxelectricity,2011-09,environment,4
shoptxelectricity,2011-10,environment,1
shoptxelectricity,2011-11,environment,3
shoptxelectricity,2011-12,environment,2
shoptxelectricity,2012-01,environment,2
shoptxelectricity,2012-02,environment,3
shoptxelectricity,2012-03,environment,3
shoptxelectricity,2012-04,environment,3
shoptxelectricity,2012-05,environment,3
shoptxelectricity,2012-06,environment,1
shoptxelectricity,2012-07,environment,2
shoptxelectricity,2012-08,environment,3
shoptxelectricity,2012-09,environment,2
shoptxelectricity,2012-10,environment,2
shoptxelectricity,2012-11,environment,4
shoptxelectricity,2013-01,environment,4
shoptxelectricity,2013-02,environment,2
shoptxelectricity,2013-03,environment,5
shoptxelectricity,2013-04,environment,1
shoptxelectricity,2013-05,environment,5
shoptxelectricity,2013-06,environment,1
shoptxelectricity,2013-07,environment,5
shoptxelectricity,2013-08,environment,1
shoptxelectricity,2013-09,environment,2
shoptxelectricity,2013-10,environment,4
eastslm,2018-06,environmental_policy,2
FlintCrisisCT,2016-11,environmental_science,1
MayKingKar,2016-07,environmental_science,1
inquilinekea,2011-11,environmental_science,1
BelovedLady,2018-07,oceans,1
georedd,2012-04,oceans,1
inquilinekea,2013-02,oceans,1
inquilinekea,2013-03,oceans,1
iowajaycee,2015-02,restoration_ecology,1
calmblueocean,2010-02,simpleliving,5
calmblueocean,2010-03,simpleliving,48
calmblueocean,2010-04,simpleliving,50
calmblueocean,2010-05,simpleliving,45
calmblueocean,2010-06,simpleliving,38
calmblueocean,2010-07,simpleliving,39
calmblueocean,2010-08,simpleliving,32
calmblueocean,2010-09,simpleliving,36
calmblueocean,2010-10,simpleliving,32
calmblueocean,2010-11,simpleliving,36
calmblueocean,2010-12,simpleliving,34
calmblueocean,2011-01,simpleliving,31
calmblueocean,2011-02,simpleliving,25
calmblueocean,2011-03,simpleliving,23
calmblueocean,2011-04,simpleliving,18
calmblueocean,2011-05,simpleliving,25
calmblueocean,2011-06,simpleliving,20
calmblueocean,2011-07,simpleliving,20
calmblueocean,2011-08,simpleliving,9
calmblueocean,2011-09,simpleliving,5
calmblueocean,2011-10,simpleliving,12
calmblueocean,2011-11,simpleliving,12
calmblueocean,2011-12,simpleliving,10
calmblueocean,2012-01,simpleliving,11
calmblueocean,2012-02,simpleliving,3
calmblueocean,2012-03,simpleliving,3
calmblueocean,2012-04,simpleliving,8
calmblueocean,2012-05,simpleliving,1
calmblueocean,2012-06,simpleliving,4
calmblueocean,2012-07,simpleliving,1
calmblueocean,2012-08,simpleliving,2
calmblueocean,2012-09,simpleliving,1
calmblueocean,2012-10,simpleliving,2
calmblueocean,2012-11,simpleliving,1
calmblueocean,2012-12,simpleliving,1
calmblueocean,2013-03,simpleliving,1
calmblueocean,2013-04,simpleliving,4
calmblueocean,2013-06,simpleliving,1
obvom,2016-09,simpleliving,1
obvom,2016-11,simpleliving,1
obvom,2017-06,simpleliving,1
rdugan02,2018-03,simpleliving,2
BelovedLady,2018-07,wildlife,1
